kegg_orthology,species,n_gene,gene_change,family_probability,node_probability,kegg_gene,Cellular Processes - Cell growth and death,Cellular Processes - Cell motility,Cellular Processes - Cellular community - eukaryotes,Cellular Processes - Cellular community - prokaryotes,Cellular Processes - Transport and catabolism,Environmental Information Processing - Membrane transport,Environmental Information Processing - Signal transduction,Environmental Information Processing - Signaling molecules and interaction,Genetic Information Processing - Chromosome,"Genetic Information Processing - Folding, sorting and degradation",Genetic Information Processing - Information processing in viruses,Genetic Information Processing - Replication and repair,Genetic Information Processing - Transcription,Genetic Information Processing - Translation,Metabolism - Amino acid metabolism,Metabolism - Carbohydrate metabolism,Metabolism - Energy metabolism,Metabolism - Glycan biosynthesis and metabolism,Metabolism - Lipid metabolism,Metabolism - Metabolism of cofactors and vitamins,Metabolism - Metabolism of other amino acids,Metabolism - Nucleotide metabolism,Organismal Systems - Aging,Organismal Systems - Circulatory system,Organismal Systems - Development and regeneration,Organismal Systems - Digestive system,Organismal Systems - Endocrine system,Organismal Systems - Environmental adaptation,Organismal Systems - Excretory system,Organismal Systems - Immune system,Organismal Systems - Nervous system,Organismal Systems - Sensory system
ko:K00143,acer,0,-1,0,0.0320824,L-2-aminoadipate reductase [EC:1.2.1.95],NA,NA,NA,NA,NA,NA,NA,NA,NA,NA,NA,NA,NA,NA,Lysine biosynthesis (map00300),NA,NA,NA,NA,NA,NA,NA,NA,NA,NA,NA,NA,NA,NA,NA,NA,NA
ko:K00341,acer,0,-1,0,0.0320824,NADH-quinone oxidoreductase subunit L [EC:7.1.1.2],NA,NA,NA,NA,NA,NA,NA,NA,NA,NA,NA,NA,NA,NA,NA,NA,Oxidative phosphorylation (map00190),NA,NA,NA,NA,NA,NA,NA,NA,NA,NA,NA,NA,NA,NA,NA
ko:K00456,acer,0,-2,0.012,2.73998e-4,cysteine dioxygenase [EC:1.13.11.20],NA,NA,NA,NA,NA,NA,NA,NA,NA,NA,NA,NA,NA,NA,Cysteine and methionine metabolism (map00270),NA,NA,NA,NA,NA,Taurine and hypotaurine metabolism (map00430),NA,NA,NA,NA,NA,NA,NA,NA,NA,NA,NA
ko:K00547,acer,2,-2,0.003,0.00151255,homocysteine S-methyltransferase [EC:2.1.1.10],NA,NA,NA,NA,NA,NA,NA,NA,NA,NA,NA,NA,NA,NA,Cysteine and methionine metabolism (map00270),NA,NA,NA,NA,NA,NA,NA,NA,NA,NA,NA,NA,NA,NA,NA,NA,NA
ko:K00573,acer,3,1,0.036,0.0216927,protein-L-isoaspartate(D-aspartate) O-methyltransferase [EC:2.1.1.77],NA,NA,NA,NA,NA,NA,NA,NA,NA,NA,NA,NA,NA,NA,NA,NA,NA,NA,NA,NA,NA,NA,NA,NA,NA,NA,NA,NA,NA,NA,NA,NA
ko:K00784,acer,2,1,0.002,0.010846,ribonuclease Z [EC:3.1.26.11],NA,NA,NA,NA,NA,NA,NA,NA,NA,NA,NA,NA,NA,NA,NA,NA,NA,NA,NA,NA,NA,NA,NA,NA,NA,NA,NA,NA,NA,NA,NA,NA
ko:K01183,acer,4,1,0,0.0325151,chitinase [EC:3.2.1.14],NA,NA,NA,NA,NA,NA,NA,NA,NA,NA,NA,NA,NA,NA,NA,Amino sugar and nucleotide sugar metabolism (map00520),NA,NA,NA,NA,NA,NA,NA,NA,NA,NA,NA,NA,NA,NA,NA,NA
ko:K01312,acer,4,1,0.025,0.0325151,trypsin [EC:3.4.21.4],NA,NA,NA,NA,NA,NA,NA,Neuroactive ligand-receptor interaction (map04080),NA,NA,NA,NA,NA,NA,NA,NA,NA,NA,NA,NA,NA,NA,NA,NA,NA,Protein digestion and absorption (map04974); Pancreatic secretion (map04972),NA,NA,NA,NA,NA,NA
ko:K01315,acer,3,1,0.006,0.0216927,plasminogen [EC:3.4.21.7],NA,NA,NA,NA,NA,NA,NA,Neuroactive ligand-receptor interaction (map04080),NA,NA,NA,NA,NA,NA,NA,NA,NA,NA,NA,NA,NA,NA,NA,NA,NA,NA,NA,NA,NA,Complement and coagulation cascades (map04610),NA,NA
ko:K01318,acer,0,-1,0,0.0320824,glutamyl endopeptidase [EC:3.4.21.19],NA,NA,NA,Quorum sensing (map02024),NA,NA,NA,NA,NA,NA,NA,NA,NA,NA,NA,NA,NA,NA,NA,NA,NA,NA,NA,NA,NA,NA,NA,NA,NA,NA,NA,NA
ko:K01389,acer,0,-1,0,0.0320824,neprilysin [EC:3.4.24.11],NA,NA,NA,NA,NA,NA,NA,NA,NA,NA,NA,NA,NA,NA,NA,NA,NA,NA,NA,NA,NA,NA,NA,NA,NA,Protein digestion and absorption (map04974),Renin-angiotensin system (map04614),NA,NA,Hematopoietic cell lineage (map04640),NA,NA
ko:K01581,acer,0,-1,0,0.0320824,ornithine decarboxylase [EC:4.1.1.17],NA,NA,NA,NA,NA,NA,NA,NA,NA,NA,NA,NA,NA,NA,Arginine and proline metabolism (map00330),NA,NA,NA,NA,NA,Glutathione metabolism (map00480),NA,NA,NA,NA,NA,NA,NA,NA,NA,NA,NA
ko:K01754,acer,4,1,0.023,0.0325151,threonine dehydratase [EC:4.3.1.19],NA,NA,NA,NA,NA,NA,NA,NA,NA,NA,NA,NA,NA,NA,"Glycine, serine and threonine metabolism (map00260); Valine, leucine and isoleucine biosynthesis (map00290)",NA,NA,NA,NA,NA,NA,NA,NA,NA,NA,NA,NA,NA,NA,NA,NA,NA
ko:K01883,acer,0,-1,0,0.0320824,cysteinyl-tRNA synthetase [EC:6.1.1.16],NA,NA,NA,NA,NA,NA,NA,NA,NA,NA,NA,NA,NA,Aminoacyl-tRNA biosynthesis (map00970),NA,NA,NA,NA,NA,NA,NA,NA,NA,NA,NA,NA,NA,NA,NA,NA,NA,NA
ko:K01956,acer,0,-1,0,0.0320824,carbamoyl-phosphate synthase small subunit [EC:6.3.5.5],NA,NA,NA,NA,NA,NA,NA,NA,NA,NA,NA,NA,NA,NA,"Alanine, aspartate and glutamate metabolism (map00250)",NA,NA,NA,NA,NA,NA,Pyrimidine metabolism (map00240),NA,NA,NA,NA,NA,NA,NA,NA,NA,NA
ko:K01959,acer,2,1,0.002,0.010846,pyruvate carboxylase subunit A [EC:6.4.1.1],NA,NA,NA,NA,NA,NA,NA,NA,NA,NA,NA,NA,NA,NA,NA,Pyruvate metabolism (map00620); Citrate cycle (TCA cycle) (map00020),Carbon fixation pathways in prokaryotes (map00720),NA,NA,NA,NA,NA,NA,NA,NA,NA,NA,NA,NA,NA,NA,NA
ko:K02108,acer,0,-1,0,0.0320824,F-type H+-transporting ATPase subunit a,NA,NA,NA,NA,NA,NA,NA,NA,NA,NA,NA,NA,NA,NA,NA,NA,Oxidative phosphorylation (map00190); Photosynthesis (map00195),NA,NA,NA,NA,NA,NA,NA,NA,NA,NA,NA,NA,NA,NA,NA
ko:K02256,acer,0,-1,0,0.0320824,cytochrome c oxidase subunit 1 [EC:7.1.1.9],NA,NA,NA,NA,NA,NA,NA,NA,NA,NA,NA,NA,NA,NA,NA,NA,Oxidative phosphorylation (map00190),NA,NA,NA,NA,NA,NA,Cardiac muscle contraction (map04260),NA,NA,NA,Thermogenesis (map04714),NA,NA,NA,NA
ko:K02349,acer,0,-1,0,0.0320824,DNA polymerase theta [EC:2.7.7.7],NA,NA,NA,NA,NA,NA,NA,NA,NA,NA,NA,NA,NA,NA,NA,NA,NA,NA,NA,NA,NA,NA,NA,NA,NA,NA,NA,NA,NA,NA,NA,NA
ko:K02728,acer,0,-1,0,0.0320824,20S proteasome subunit alpha 3 [EC:3.4.25.1],NA,NA,NA,NA,NA,NA,NA,NA,NA,Proteasome (map03050),NA,NA,NA,NA,NA,NA,NA,NA,NA,NA,NA,NA,NA,NA,NA,NA,NA,NA,NA,NA,NA,NA
ko:K02997,acer,0,-1,0,0.0320824,small subunit ribosomal protein S9e,NA,NA,NA,NA,NA,NA,NA,NA,NA,NA,NA,NA,NA,Ribosome (map03010),NA,NA,NA,NA,NA,NA,NA,NA,NA,NA,NA,NA,NA,NA,NA,NA,NA,NA
ko:K03047,acer,0,-1,0,0.0320824,DNA-directed RNA polymerase subunit D [EC:2.7.7.6],NA,NA,NA,NA,NA,NA,NA,NA,NA,NA,NA,NA,RNA polymerase (map03020),NA,NA,NA,NA,NA,NA,NA,NA,NA,NA,NA,NA,NA,NA,NA,NA,NA,NA,NA
ko:K03106,acer,0,-1,0,0.0320824,signal recognition particle subunit SRP54 [EC:3.6.5.4],NA,NA,NA,Quorum sensing (map02024),NA,Bacterial secretion system (map03070),NA,NA,NA,Protein export (map03060),NA,NA,NA,NA,NA,NA,NA,NA,NA,NA,NA,NA,NA,NA,NA,NA,NA,NA,NA,NA,NA,NA
ko:K03506,acer,2,1,0,0.010846,DNA polymerase epsilon subunit 4 [EC:2.7.7.7],NA,NA,NA,NA,NA,NA,NA,NA,NA,NA,NA,DNA replication (map03030); Nucleotide excision repair (map03420); Base excision repair (map03410),NA,NA,NA,NA,NA,NA,NA,NA,NA,NA,NA,NA,NA,NA,NA,NA,NA,NA,NA,NA
ko:K03635,acer,2,1,0.014,0.010846,molybdopterin synthase catalytic subunit [EC:2.8.1.12],NA,NA,NA,NA,NA,NA,NA,NA,NA,Sulfur relay system (map04122),NA,NA,NA,NA,NA,NA,NA,NA,NA,Folate biosynthesis (map00790),NA,NA,NA,NA,NA,NA,NA,NA,NA,NA,NA,NA
ko:K03695,acer,4,1,0.002,0.0325151,ATP-dependent Clp protease ATP-binding subunit ClpB,NA,NA,NA,NA,NA,NA,NA,NA,NA,NA,NA,NA,NA,NA,NA,NA,NA,NA,NA,NA,NA,NA,Longevity regulating pathway - multiple species (map04213),NA,NA,NA,NA,NA,NA,NA,NA,NA
ko:K03908,acer,0,-1,0,0.0320824,protein S,NA,NA,NA,NA,NA,NA,NA,NA,NA,NA,NA,NA,NA,NA,NA,NA,NA,NA,NA,NA,NA,NA,NA,NA,NA,NA,NA,NA,NA,Complement and coagulation cascades (map04610),NA,NA
ko:K04008,acer,2,1,0.004,0.010846,CD59 antigen,NA,NA,NA,NA,NA,NA,NA,NA,NA,NA,NA,NA,NA,NA,NA,NA,NA,NA,NA,NA,NA,NA,NA,NA,NA,NA,NA,NA,NA,Complement and coagulation cascades (map04610); Hematopoietic cell lineage (map04640),NA,NA
ko:K04132,acer,0,-1,0.028,0.0320824,muscarinic acetylcholine receptor M4,NA,Regulation of actin cytoskeleton (map04810),NA,NA,NA,NA,NA,Neuroactive ligand-receptor interaction (map04080),NA,NA,NA,NA,NA,NA,NA,NA,NA,NA,NA,NA,NA,NA,NA,NA,NA,NA,NA,NA,NA,NA,Cholinergic synapse (map04725),NA
ko:K04142,acer,32,9,0,5.11015e-9,adrenergic receptor beta-2,NA,NA,NA,NA,NA,NA,cAMP signaling pathway (map04024); Calcium signaling pathway (map04020); cGMP-PKG signaling pathway (map04022),Neuroactive ligand-receptor interaction (map04080),NA,NA,NA,NA,NA,NA,NA,NA,NA,NA,NA,NA,NA,NA,NA,Adrenergic signaling in cardiomyocytes (map04261),NA,Salivary secretion (map04970),Regulation of lipolysis in adipocytes (map04923); Renin secretion (map04924),NA,NA,NA,NA,NA
ko:K04144,acer,15,4,0,1.34631e-4,dopamine receptor D1,NA,NA,Gap junction (map04540),NA,NA,NA,cAMP signaling pathway (map04024); Calcium signaling pathway (map04020),Neuroactive ligand-receptor interaction (map04080),NA,NA,NA,NA,NA,NA,NA,NA,NA,NA,NA,NA,NA,NA,NA,NA,NA,NA,NA,NA,NA,NA,Dopaminergic synapse (map04728),NA
ko:K04145,acer,3,1,0.021,0.0216927,dopamine receptor D2,NA,NA,Gap junction (map04540),NA,NA,NA,cAMP signaling pathway (map04024); Rap1 signaling pathway (map04015),Neuroactive ligand-receptor interaction (map04080),NA,NA,NA,NA,NA,NA,NA,NA,NA,NA,NA,NA,NA,NA,NA,NA,NA,NA,NA,NA,NA,NA,Dopaminergic synapse (map04728),NA
ko:K04153,acer,11,3,0,9.63399e-4,5-hydroxytryptamine receptor 1,NA,NA,NA,NA,NA,NA,cAMP signaling pathway (map04024),Neuroactive ligand-receptor interaction (map04080),NA,NA,NA,NA,NA,NA,NA,NA,NA,NA,NA,NA,NA,NA,NA,NA,NA,NA,NA,NA,NA,NA,Serotonergic synapse (map04726),Taste transduction (map04742)
ko:K04157,acer,3,1,0.013,0.0216927,5-hydroxytryptamine receptor 2,NA,NA,Gap junction (map04540),NA,NA,NA,Calcium signaling pathway (map04020),Neuroactive ligand-receptor interaction (map04080),NA,NA,NA,NA,NA,NA,NA,NA,NA,NA,NA,NA,NA,NA,NA,NA,NA,NA,NA,NA,NA,NA,Serotonergic synapse (map04726),Inflammatory mediator regulation of TRP channels (map04750)
ko:K04202,acer,8,3,0,2.51706e-4,melanocortin 4 receptor,NA,NA,NA,NA,NA,NA,NA,Neuroactive ligand-receptor interaction (map04080),NA,NA,NA,NA,NA,NA,NA,NA,NA,NA,NA,NA,NA,NA,NA,NA,NA,NA,NA,NA,NA,NA,NA,NA
ko:K04203,acer,16,4,0,1.84571e-4,melanocortin 5 receptor,NA,NA,NA,NA,NA,NA,NA,Neuroactive ligand-receptor interaction (map04080),NA,NA,NA,NA,NA,NA,NA,NA,NA,NA,NA,NA,NA,NA,NA,NA,NA,NA,NA,NA,NA,NA,NA,NA
ko:K04206,acer,2,1,0.031,0.010846,neuropeptide Y receptor type 4,NA,NA,NA,NA,NA,NA,NA,Neuroactive ligand-receptor interaction (map04080),NA,NA,NA,NA,NA,NA,NA,NA,NA,NA,NA,NA,NA,NA,NA,NA,NA,NA,NA,NA,NA,NA,NA,NA
ko:K04223,acer,54,14,0,2.24729e-12,tachykinin receptor 2,NA,NA,NA,NA,NA,NA,Calcium signaling pathway (map04020),Neuroactive ligand-receptor interaction (map04080),NA,NA,NA,NA,NA,NA,NA,NA,NA,NA,NA,NA,NA,NA,NA,NA,NA,NA,NA,NA,NA,NA,NA,NA
ko:K04253,acer,3,1,0.01,0.0216927,visual pigment-like receptor peropsin,NA,NA,NA,NA,NA,NA,NA,NA,NA,NA,NA,NA,NA,NA,NA,NA,NA,NA,NA,NA,NA,NA,NA,NA,NA,NA,NA,NA,NA,NA,NA,NA
ko:K04265,acer,6,2,0,0.00478694,adenosine receptor A1,NA,NA,NA,NA,NA,NA,cAMP signaling pathway (map04024); cGMP-PKG signaling pathway (map04022); Sphingolipid signaling pathway (map04071),Neuroactive ligand-receptor interaction (map04080),NA,NA,NA,NA,NA,NA,NA,NA,NA,NA,NA,NA,NA,NA,NA,NA,NA,NA,Regulation of lipolysis in adipocytes (map04923); Renin secretion (map04924),NA,NA,NA,NA,NA
ko:K04266,acer,28,3,0,0.017956,adenosine receptor A2a,NA,NA,NA,NA,NA,NA,cAMP signaling pathway (map04024); Calcium signaling pathway (map04020); Rap1 signaling pathway (map04015),Neuroactive ligand-receptor interaction (map04080),NA,NA,NA,NA,NA,NA,NA,NA,NA,NA,NA,NA,NA,NA,NA,Vascular smooth muscle contraction (map04270),NA,NA,NA,NA,NA,NA,NA,NA
ko:K04267,acer,19,4,0,4.09797e-4,adenosine receptor A2b,NA,NA,NA,NA,NA,NA,Calcium signaling pathway (map04020); Rap1 signaling pathway (map04015),Neuroactive ligand-receptor interaction (map04080),NA,NA,NA,NA,NA,NA,NA,NA,NA,NA,NA,NA,NA,NA,NA,Vascular smooth muscle contraction (map04270),NA,NA,NA,NA,NA,NA,NA,NA
ko:K04285,acer,20,4,0,0.00051411200000000005,melatonin receptor type 1A,NA,NA,NA,NA,NA,NA,NA,Neuroactive ligand-receptor interaction (map04080),NA,NA,NA,NA,NA,NA,NA,NA,NA,NA,NA,NA,NA,NA,NA,NA,NA,NA,NA,Circadian entrainment (map04713),NA,NA,NA,NA
ko:K04318,acer,0,-1,0,0.0320824,G protein-coupled receptor 21,NA,NA,NA,NA,NA,NA,NA,NA,NA,NA,NA,NA,NA,NA,NA,NA,NA,NA,NA,NA,NA,NA,NA,NA,NA,NA,NA,NA,NA,NA,NA,NA
ko:K04357,acer,0,-1,0,0.0320824,epidermal growth factor,NA,Regulation of actin cytoskeleton (map04810),Focal adhesion (map04510); Gap junction (map04540),NA,NA,NA,JAK-STAT signaling pathway (map04630); Calcium signaling pathway (map04020); ErbB signaling pathway (map04012); Ras signaling pathway (map04014); MAPK signaling pathway (map04010); PI3K-Akt signaling pathway (map04151); Rap1 signaling pathway (map04015); HIF-1 signaling pathway (map04066); Phospholipase D signaling pathway (map04072); FoxO signaling pathway (map04068),NA,NA,NA,NA,NA,NA,NA,NA,NA,NA,NA,NA,NA,NA,NA,NA,NA,NA,NA,NA,NA,NA,NA,NA,NA
ko:K04460,acer,4,1,0.045,0.0325151,serine/threonine-protein phosphatase 5 [EC:3.1.3.16],NA,NA,NA,NA,NA,NA,MAPK signaling pathway (map04010),NA,NA,NA,NA,NA,NA,NA,NA,NA,NA,NA,NA,NA,NA,NA,NA,NA,NA,NA,NA,NA,NA,NA,NA,NA
ko:K04551,acer,0,-1,0.002,0.0320824,ubiquitin B,NA,NA,NA,NA,Mitophagy - animal (map04137),NA,NA,NA,NA,Ubiquitin mediated proteolysis (map04120),NA,NA,NA,NA,NA,NA,NA,NA,NA,NA,NA,NA,NA,NA,NA,NA,NA,NA,NA,NA,NA,NA
ko:K04594,acer,32,-3,0,0.0177526,adhesion G protein-coupled receptor L3,NA,NA,NA,NA,NA,NA,NA,NA,NA,NA,NA,NA,NA,NA,NA,NA,NA,NA,NA,NA,NA,NA,NA,NA,NA,NA,NA,NA,NA,NA,NA,NA
ko:K04596,acer,5,1,0,0.0432912,adhesion G protein-coupled receptor B1,p53 signaling pathway (map04115),NA,NA,NA,NA,NA,NA,NA,NA,NA,NA,NA,NA,NA,NA,NA,NA,NA,NA,NA,NA,NA,NA,NA,NA,NA,NA,NA,NA,NA,NA,NA
ko:K04625,acer,0,-1,0,0.0320824,taste receptor type 1 member 2,NA,NA,NA,NA,NA,NA,NA,NA,NA,NA,NA,NA,NA,NA,NA,NA,NA,NA,NA,NA,NA,NA,NA,NA,NA,Carbohydrate digestion and absorption (map04973),NA,NA,NA,NA,NA,Taste transduction (map04742)
ko:K04768,acer,0,-1,0.016,0.0320824,acetoin utilization protein AcuC,NA,NA,NA,NA,NA,NA,NA,NA,NA,NA,NA,NA,NA,NA,NA,NA,NA,NA,NA,NA,NA,NA,NA,NA,NA,NA,NA,NA,NA,NA,NA,NA
ko:K04800,acer,4,1,0.036,0.0325151,replication factor C large subunit,NA,NA,NA,NA,NA,NA,NA,NA,NA,NA,NA,DNA replication (map03030),NA,NA,NA,NA,NA,NA,NA,NA,NA,NA,NA,NA,NA,NA,NA,NA,NA,NA,NA,NA
ko:K04904,acer,0,-1,0,0.0320824,potassium voltage-gated channel Eag-related subfamily H member 1,NA,NA,NA,NA,NA,NA,NA,NA,NA,NA,NA,NA,NA,NA,NA,NA,NA,NA,NA,NA,NA,NA,NA,NA,NA,NA,NA,NA,NA,NA,NA,NA
ko:K04982,acer,15,4,0,1.34631e-4,transient receptor potential cation channel subfamily M member 7 [EC:2.7.11.1],Necroptosis (map04217); Cellular senescence (map04218),NA,NA,NA,NA,NA,NA,NA,NA,NA,NA,NA,NA,NA,NA,NA,NA,NA,NA,NA,NA,NA,NA,NA,NA,Mineral absorption (map04978),NA,NA,NA,NOD-like receptor signaling pathway (map04621),NA,NA
ko:K05036,acer,0,-1,0,0.0320824,"solute carrier family 6 (neurotransmitter transporter, dopamine) member 3",NA,NA,NA,NA,NA,NA,NA,NA,NA,NA,NA,NA,NA,NA,NA,NA,NA,NA,NA,NA,NA,NA,NA,NA,NA,NA,NA,NA,NA,NA,Synaptic vesicle cycle (map04721); Dopaminergic synapse (map04728),NA
ko:K05051,acer,63,18,0,1.95747e-16,trace amine associated receptor,NA,NA,NA,NA,NA,NA,NA,Neuroactive ligand-receptor interaction (map04080),NA,NA,NA,NA,NA,NA,NA,NA,NA,NA,NA,NA,NA,NA,NA,NA,NA,NA,NA,NA,NA,NA,NA,NA
ko:K05087,acer,3,1,0.016,0.0216927,insulin-like growth factor 1 receptor [EC:2.7.10.1],Oocyte meiosis (map04114),NA,Adherens junction (map04520); Focal adhesion (map04510); Signaling pathways regulating pluripotency of stem cells (map04550),NA,Endocytosis (map04144); Autophagy - animal (map04140),NA,Ras signaling pathway (map04014); MAPK signaling pathway (map04010); PI3K-Akt signaling pathway (map04151); Rap1 signaling pathway (map04015); HIF-1 signaling pathway (map04066); AMPK signaling pathway (map04152); mTOR signaling pathway (map04150); FoxO signaling pathway (map04068),NA,NA,NA,NA,NA,NA,NA,NA,NA,NA,NA,NA,NA,NA,NA,Longevity regulating pathway - multiple species (map04213); Longevity regulating pathway (map04211),NA,NA,NA,Ovarian steroidogenesis (map04913); Progesterone-mediated oocyte maturation (map04914),NA,NA,NA,Long-term depression (map04730),NA
ko:K05095,acer,6,-2,0.001,0.00649055,fibroblast growth factor receptor 4 [EC:2.7.10.1],NA,Regulation of actin cytoskeleton (map04810),Signaling pathways regulating pluripotency of stem cells (map04550),NA,Endocytosis (map04144),NA,Calcium signaling pathway (map04020); Ras signaling pathway (map04014); MAPK signaling pathway (map04010); PI3K-Akt signaling pathway (map04151); Rap1 signaling pathway (map04015),NA,NA,NA,NA,NA,NA,NA,NA,NA,NA,NA,NA,NA,NA,NA,NA,NA,NA,NA,NA,NA,NA,NA,NA,NA
ko:K05106,acer,0,-1,0,0.0320824,Eph receptor A5 [EC:2.7.10.1],NA,NA,NA,NA,NA,NA,NA,NA,NA,NA,NA,NA,NA,NA,NA,NA,NA,NA,NA,NA,NA,NA,NA,NA,Axon guidance (map04360),NA,NA,NA,NA,NA,NA,NA
ko:K05117,acer,0,-1,0,0.0320824,c-mer proto-oncogene tyrosine kinase [EC:2.7.10.1],NA,NA,NA,NA,NA,NA,NA,NA,NA,NA,NA,NA,NA,NA,NA,NA,NA,NA,NA,NA,NA,NA,NA,NA,NA,NA,NA,NA,NA,NA,NA,NA
ko:K05175,acer,2,1,0,0.010846,gamma-aminobutyric acid receptor subunit alpha,NA,NA,NA,NA,NA,NA,NA,Neuroactive ligand-receptor interaction (map04080),NA,NA,NA,NA,NA,NA,NA,NA,NA,NA,NA,NA,NA,NA,NA,NA,NA,NA,NA,NA,NA,NA,GABAergic synapse (map04727); Retrograde endocannabinoid signaling (map04723),Taste transduction (map04742)
ko:K05312,acer,0,-1,0,0.0320824,"nicotinic acetylcholine receptor, invertebrate",NA,NA,NA,NA,NA,NA,NA,NA,NA,NA,NA,NA,NA,NA,NA,NA,NA,NA,NA,NA,NA,NA,NA,NA,NA,NA,NA,NA,NA,NA,NA,NA
ko:K06027,acer,4,1,0,0.0325151,vesicle-fusing ATPase [EC:3.6.4.6],NA,NA,NA,NA,Autophagy - yeast (map04138),NA,NA,NA,NA,NA,NA,NA,NA,NA,NA,NA,NA,NA,NA,NA,NA,NA,NA,NA,NA,NA,NA,NA,Vasopressin-regulated water reabsorption (map04962),NA,Synaptic vesicle cycle (map04721); GABAergic synapse (map04727),NA
ko:K06094,acer,3,1,0.036,0.0216927,lethal(2) giant larvae protein,NA,NA,Tight junction (map04530),NA,NA,NA,Hippo signaling pathway - fly (map04391); Hippo signaling pathway (map04390),NA,NA,NA,NA,NA,NA,NA,NA,NA,NA,NA,NA,NA,NA,NA,NA,NA,NA,NA,NA,NA,NA,NA,NA,NA
ko:K06252,acer,6,-2,0,0.00649055,tenascin,NA,NA,Focal adhesion (map04510),NA,NA,NA,PI3K-Akt signaling pathway (map04151),ECM-receptor interaction (map04512),NA,NA,NA,NA,NA,NA,NA,NA,NA,NA,NA,NA,NA,NA,NA,NA,NA,NA,NA,NA,NA,NA,NA,NA
ko:K06269,acer,3,1,0.015,0.0216927,serine/threonine-protein phosphatase PP1 catalytic subunit [EC:3.1.3.16],Cellular senescence (map04218); Oocyte meiosis (map04114); Meiosis - yeast (map04113),Regulation of actin cytoskeleton (map04810),Focal adhesion (map04510),NA,NA,NA,cAMP signaling pathway (map04024); Hippo signaling pathway (map04390); cGMP-PKG signaling pathway (map04022),NA,NA,NA,NA,NA,NA,mRNA surveillance pathway (map03015),NA,NA,NA,NA,NA,NA,NA,NA,NA,Adrenergic signaling in cardiomyocytes (map04261); Vascular smooth muscle contraction (map04270),NA,NA,Oxytocin signaling pathway (map04921); Insulin signaling pathway (map04910),NA,NA,Platelet activation (map04611),Dopaminergic synapse (map04728); Long-term potentiation (map04720),Inflammatory mediator regulation of TRP channels (map04750)
ko:K06483,acer,0,-1,0,0.0320824,integrin alpha 4,NA,Regulation of actin cytoskeleton (map04810),Focal adhesion (map04510),NA,NA,NA,PI3K-Akt signaling pathway (map04151),Cell adhesion molecules (map04514); ECM-receptor interaction (map04512),NA,NA,NA,NA,NA,NA,NA,NA,NA,NA,NA,NA,NA,NA,NA,NA,NA,NA,NA,NA,NA,Leukocyte transendothelial migration (map04670); Hematopoietic cell lineage (map04640); Intestinal immune network for IgA production (map04672),NA,NA
ko:K06494,acer,0,-1,0,0.0320824,"selectin, endothelial cell",NA,NA,NA,NA,NA,NA,TNF signaling pathway (map04668),Cell adhesion molecules (map04514),NA,NA,NA,NA,NA,NA,NA,NA,NA,NA,NA,NA,NA,NA,NA,NA,NA,NA,NA,NA,NA,NA,NA,NA
ko:K06558,acer,3,1,0,0.0216927,macrophage scavenger receptor 1,NA,NA,NA,NA,Phagosome (map04145),NA,NA,NA,NA,NA,NA,NA,NA,NA,NA,NA,NA,NA,NA,NA,NA,NA,NA,NA,NA,NA,NA,NA,NA,NA,NA,NA
ko:K06629,acer,5,1,0.005,0.0432912,protein DBF4,Cell cycle (map04110),NA,NA,NA,NA,NA,NA,NA,NA,NA,NA,NA,NA,NA,NA,NA,NA,NA,NA,NA,NA,NA,NA,NA,NA,NA,NA,NA,NA,NA,NA,NA
ko:K06698,acer,0,-1,0,0.0320824,proteasome activator subunit 3 (PA28 gamma),NA,NA,NA,NA,NA,NA,NA,NA,NA,Proteasome (map03050),NA,NA,NA,NA,NA,NA,NA,NA,NA,NA,NA,NA,NA,NA,NA,NA,NA,NA,NA,Antigen processing and presentation (map04612),NA,NA
ko:K06798,acer,0,-1,0,0.0320824,"cadherin 6, type 2, K-cadherin",NA,NA,NA,NA,NA,NA,NA,NA,NA,NA,NA,NA,NA,NA,NA,NA,NA,NA,NA,NA,NA,NA,NA,NA,NA,NA,NA,NA,NA,NA,NA,NA
ko:K07282,acer,3,1,0.016,0.0216927,gamma-polyglutamate biosynthesis protein CapA,NA,NA,NA,NA,NA,NA,NA,NA,NA,NA,NA,NA,NA,NA,NA,NA,NA,NA,NA,NA,NA,NA,NA,NA,NA,NA,NA,NA,NA,NA,NA,NA
ko:K07293,acer,0,-1,0,0.0320824,tyrosine-protein phosphatase non-receptor type 11 [EC:3.1.3.48],NA,NA,NA,NA,NA,NA,JAK-STAT signaling pathway (map04630); Ras signaling pathway (map04014); MAPK signaling pathway - fly (map04013); Phospholipase D signaling pathway (map04072),NA,NA,NA,NA,NA,NA,NA,NA,NA,NA,NA,NA,NA,NA,NA,NA,NA,Axon guidance (map04360),NA,Adipocytokine signaling pathway (map04920),NA,NA,Natural killer cell mediated cytotoxicity (map04650); T cell receptor signaling pathway (map04660); C-type lectin receptor signaling pathway (map04625); Leukocyte transendothelial migration (map04670),Neurotrophin signaling pathway (map04722),NA
ko:K07374,acer,4,1,0.001,0.0325151,tubulin alpha,Apoptosis (map04210),Motor proteins (map04814),Tight junction (map04530); Gap junction (map04540),NA,Phagosome (map04145),NA,NA,NA,NA,NA,NA,NA,NA,NA,NA,NA,NA,NA,NA,NA,NA,NA,NA,NA,NA,NA,NA,NA,NA,NA,NA,NA
ko:K07375,acer,5,-2,0.001,0.00496256,tubulin beta,NA,Motor proteins (map04814),Gap junction (map04540),NA,Phagosome (map04145),NA,NA,NA,NA,NA,NA,NA,NA,NA,NA,NA,NA,NA,NA,NA,NA,NA,NA,NA,NA,NA,NA,NA,NA,NA,NA,NA
ko:K07562,acer,2,1,0.009,0.010846,60S ribosomal export protein NMD3,NA,NA,NA,NA,NA,NA,NA,NA,NA,NA,NA,NA,NA,Nucleocytoplasmic transport (map03013); Ribosome biogenesis in eukaryotes (map03008),NA,NA,NA,NA,NA,NA,NA,NA,NA,NA,NA,NA,NA,NA,NA,NA,NA,NA
ko:K07764,acer,0,-1,0,0.0320824,a disintegrin and metalloproteinase with thrombospondin motifs 4 [EC:3.4.24.82],NA,NA,NA,NA,NA,NA,NA,NA,NA,NA,NA,NA,NA,NA,NA,NA,NA,NA,NA,NA,NA,NA,NA,NA,NA,NA,NA,NA,NA,NA,NA,NA
ko:K07841,acer,6,2,0.009,0.00478694,"DIRAS family, GTP-binding Ras-like 2",NA,NA,NA,NA,NA,NA,NA,NA,NA,NA,NA,NA,NA,NA,NA,NA,NA,NA,NA,NA,NA,NA,NA,NA,NA,NA,NA,NA,NA,NA,NA,NA
ko:K07905,acer,0,-1,0,0.0320824,Ras-related protein Rab-11B,NA,NA,NA,NA,Endocytosis (map04144),NA,AMPK signaling pathway (map04152),NA,NA,NA,NA,NA,NA,NA,NA,NA,NA,NA,NA,NA,NA,NA,NA,NA,NA,NA,NA,NA,Vasopressin-regulated water reabsorption (map04962),NA,NA,NA
ko:K07942,acer,2,1,0.004,0.010846,ADP-ribosylation factor-like protein 1,NA,NA,NA,NA,NA,NA,NA,NA,NA,NA,NA,NA,NA,NA,NA,NA,NA,NA,NA,NA,NA,NA,NA,NA,NA,NA,NA,NA,NA,NA,NA,NA
ko:K08205,acer,0,-1,0.006,0.0320824,"MFS transporter, OCT family, solute carrier family 22 (organic anion transporter), member 8",NA,NA,NA,NA,NA,NA,NA,NA,NA,NA,NA,NA,NA,NA,NA,NA,NA,NA,NA,NA,NA,NA,NA,NA,NA,Bile secretion (map04976),NA,NA,NA,NA,NA,NA
ko:K08209,acer,0,-1,0,0.0320824,"MFS transporter, OCT family, solute carrier family 22 (organic cation transporter), member 13",NA,NA,NA,NA,NA,NA,NA,NA,NA,NA,NA,NA,NA,NA,NA,NA,NA,NA,NA,NA,NA,NA,NA,NA,NA,NA,NA,NA,NA,NA,NA,NA
ko:K08375,acer,83,8,0,1.31027e-4,neuropeptide FF receptor 2,NA,NA,NA,NA,NA,NA,NA,Neuroactive ligand-receptor interaction (map04080),NA,NA,NA,NA,NA,NA,NA,NA,NA,NA,NA,NA,NA,NA,NA,NA,NA,NA,NA,NA,NA,NA,NA,NA
ko:K08378,acer,12,3,0,0.0013374,pyroglutamylated RFamide peptide receptor,NA,NA,NA,NA,NA,NA,NA,Neuroactive ligand-receptor interaction (map04080),NA,NA,NA,NA,NA,NA,NA,NA,NA,NA,NA,NA,NA,NA,NA,NA,NA,NA,NA,NA,NA,NA,NA,NA
ko:K08592,acer,0,-2,0,2.73998e-4,sentrin-specific protease 1 [EC:3.4.22.68],NA,NA,NA,NA,NA,NA,NA,NA,NA,NA,NA,NA,NA,NA,NA,NA,NA,NA,NA,NA,NA,NA,NA,NA,NA,NA,NA,NA,NA,NA,NA,NA
ko:K08593,acer,0,-1,0,0.0320824,sentrin-specific protease 3 [EC:3.4.22.68],NA,NA,NA,NA,NA,NA,NA,NA,NA,NA,NA,NA,NA,NA,NA,NA,NA,NA,NA,NA,NA,NA,NA,NA,NA,NA,NA,NA,NA,NA,NA,NA
ko:K08635,acer,0,-1,0,0.0320824,neprilysin [EC:3.4.24.11],NA,NA,NA,NA,NA,NA,NA,NA,NA,NA,NA,NA,NA,NA,NA,NA,NA,NA,NA,NA,NA,NA,NA,NA,NA,NA,NA,NA,NA,NA,NA,NA
ko:K08875,acer,0,-1,0.008,0.0320824,nuclear receptor-binding protein,NA,NA,NA,NA,NA,NA,NA,NA,NA,NA,NA,NA,NA,NA,NA,NA,NA,NA,NA,NA,NA,NA,NA,NA,NA,NA,NA,NA,NA,NA,NA,NA
ko:K09068,acer,4,2,0,0.00115683,T-cell acute lymphocytic leukemia protein,NA,NA,NA,NA,NA,NA,NA,NA,NA,NA,NA,NA,NA,NA,NA,NA,NA,NA,NA,NA,NA,NA,NA,NA,NA,NA,NA,NA,NA,NA,NA,NA
ko:K09187,acer,2,1,0.027,0.010846,[histone H3]-lysine4 N-trimethyltransferase MLL2 [EC:2.1.1.354],NA,NA,NA,NA,NA,NA,NA,NA,NA,NA,NA,NA,NA,NA,Lysine degradation (map00310),NA,NA,NA,NA,NA,NA,NA,NA,NA,NA,NA,NA,NA,NA,NA,NA,NA
ko:K09221,acer,0,-1,0,0.0320824,myeloid zinc finger protein 1,NA,NA,NA,NA,NA,NA,NA,NA,NA,NA,NA,NA,NA,NA,NA,NA,NA,NA,NA,NA,NA,NA,NA,NA,NA,NA,NA,NA,NA,NA,NA,NA
ko:K09360,acer,1,-2,0.043,7.79057e-4,BarH-like,NA,NA,NA,NA,NA,NA,NA,NA,NA,NA,NA,NA,NA,NA,NA,NA,NA,NA,NA,NA,NA,NA,NA,NA,NA,NA,NA,NA,NA,NA,NA,NA
ko:K09382,acer,5,2,0,0.00269511,paired box protein 1/9,NA,NA,NA,NA,NA,NA,NA,NA,NA,NA,NA,NA,NA,NA,NA,NA,NA,NA,NA,NA,NA,NA,NA,NA,NA,NA,NA,NA,NA,NA,NA,NA
ko:K09624,acer,4,1,0,0.0325151,neurotrypsin [EC:3.4.21.-],NA,NA,NA,NA,NA,NA,NA,NA,NA,NA,NA,NA,NA,NA,NA,NA,NA,NA,NA,NA,NA,NA,NA,NA,NA,NA,NA,NA,NA,NA,NA,NA
ko:K09674,acer,4,2,0,0.00115683,carbohydrate 3-sulfotransferase 10 [EC:2.8.2.-],NA,NA,NA,NA,NA,NA,NA,NA,NA,NA,NA,NA,NA,NA,NA,NA,NA,Mannose type O-glycan biosynthesis (map00515),NA,NA,NA,NA,NA,NA,NA,NA,NA,NA,NA,NA,NA,NA
ko:K10268,acer,29,3,0.001,0.0196097,F-box and leucine-rich repeat protein 2/20,NA,NA,NA,NA,NA,NA,NA,NA,NA,NA,NA,NA,NA,NA,NA,NA,NA,NA,NA,NA,NA,NA,NA,NA,NA,NA,NA,NA,NA,NA,NA,NA
ko:K10312,acer,3,1,0.026,0.0216927,F-box protein 36,NA,NA,NA,NA,NA,NA,NA,NA,NA,NA,NA,NA,NA,NA,NA,NA,NA,NA,NA,NA,NA,NA,NA,NA,NA,NA,NA,NA,NA,NA,NA,NA
ko:K10393,acer,3,1,0.025,0.0216927,kinesin family member 2/24,NA,Motor proteins (map04814),NA,NA,NA,NA,NA,NA,NA,NA,NA,NA,NA,NA,NA,NA,NA,NA,NA,NA,NA,NA,NA,NA,Axon regeneration (map04361),NA,NA,NA,NA,NA,NA,NA
ko:K10403,acer,3,1,0.002,0.0216927,kinesin family member 22,NA,Motor proteins (map04814),NA,NA,NA,NA,NA,NA,NA,NA,NA,NA,NA,NA,NA,NA,NA,NA,NA,NA,NA,NA,NA,NA,NA,NA,Progesterone-mediated oocyte maturation (map04914),NA,NA,NA,NA,NA
ko:K10411,acer,4,1,0.016,0.0325151,dynein axonemal light chain 1,NA,Motor proteins (map04814),NA,NA,NA,NA,NA,NA,NA,NA,NA,NA,NA,NA,NA,NA,NA,NA,NA,NA,NA,NA,NA,NA,NA,NA,NA,NA,NA,NA,NA,NA
ko:K10463,acer,0,-1,0,0.0320824,kelch-like protein 26,NA,NA,NA,NA,NA,NA,NA,NA,NA,NA,NA,NA,NA,NA,NA,NA,NA,NA,NA,NA,NA,NA,NA,NA,NA,NA,NA,NA,NA,NA,NA,NA
ko:K10645,acer,10,2,0,0.0176058,E3 ubiquitin-protein ligase mind-bomb [EC:2.3.2.27],NA,NA,NA,NA,NA,NA,NA,NA,NA,NA,NA,NA,NA,NA,NA,NA,NA,NA,NA,NA,NA,NA,NA,NA,NA,NA,NA,NA,NA,NA,NA,NA
ko:K10657,acer,5,1,0,0.0432912,E3 ubiquitin-protein ligase MARCH2 [EC:2.3.2.27],NA,NA,NA,NA,NA,NA,NA,NA,NA,NA,NA,NA,NA,NA,NA,NA,NA,NA,NA,NA,NA,NA,NA,NA,NA,NA,NA,NA,NA,NA,NA,NA
ko:K10746,acer,5,1,0,0.0432912,exonuclease 1 [EC:3.1.-.-],NA,NA,NA,NA,NA,NA,NA,NA,NA,NA,NA,Mismatch repair (map03430),NA,NA,NA,NA,NA,NA,NA,NA,NA,NA,NA,NA,NA,NA,NA,NA,NA,NA,NA,NA
ko:K10841,acer,5,1,0.005,0.0432912,DNA excision repair protein ERCC-6,NA,NA,NA,NA,NA,NA,NA,NA,NA,NA,NA,Nucleotide excision repair (map03420),NA,NA,NA,NA,NA,NA,NA,NA,NA,NA,NA,NA,NA,NA,NA,NA,NA,NA,NA,NA
ko:K11005,acer,0,-1,0.002,0.0320824,hemolysin A,NA,NA,NA,NA,NA,NA,NA,NA,NA,NA,NA,NA,NA,NA,NA,NA,NA,NA,NA,NA,NA,NA,NA,NA,NA,NA,NA,NA,NA,NA,NA,NA
ko:K11230,acer,2,1,0.002,0.010846,mitogen-activated protein kinase kinase kinase [EC:2.7.11.25],NA,NA,NA,NA,NA,NA,Two-component system (map02020); MAPK signaling pathway - yeast (map04011),NA,NA,NA,NA,NA,NA,NA,NA,NA,NA,NA,NA,NA,NA,NA,NA,NA,NA,NA,NA,NA,NA,NA,NA,NA
ko:K11251,acer,2,-2,0,0.00151255,histone H2A,Necroptosis (map04217),NA,NA,NA,NA,NA,NA,NA,ATP-dependent chromatin remodeling (map03082),NA,NA,NA,NA,NA,NA,NA,NA,NA,NA,NA,NA,NA,NA,NA,NA,NA,NA,NA,NA,Neutrophil extracellular trap formation (map04613),NA,NA
ko:K11253,acer,3,-4,0,5.21429e-6,histone H3,NA,NA,NA,NA,NA,NA,NA,NA,NA,NA,NA,NA,NA,NA,NA,NA,NA,NA,NA,NA,NA,NA,NA,NA,NA,NA,NA,NA,NA,Neutrophil extracellular trap formation (map04613),NA,NA
ko:K11254,acer,0,-3,0,8.12083e-6,histone H4,NA,NA,NA,NA,NA,NA,NA,NA,NA,NA,NA,NA,NA,NA,NA,NA,NA,NA,NA,NA,NA,NA,NA,NA,NA,NA,NA,NA,NA,Neutrophil extracellular trap formation (map04613),NA,NA
ko:K11346,acer,2,1,0.002,0.010846,inhibitor of growth protein 4,NA,NA,NA,NA,NA,NA,NA,NA,NA,NA,NA,NA,NA,NA,NA,NA,NA,NA,NA,NA,NA,NA,NA,NA,NA,NA,NA,NA,NA,NA,NA,NA
ko:K11396,acer,0,-1,0,0.0320824,chromatin modification-related protein YNG2,NA,NA,NA,NA,NA,NA,NA,NA,NA,NA,NA,NA,NA,NA,NA,NA,NA,NA,NA,NA,NA,NA,NA,NA,NA,NA,NA,NA,NA,NA,NA,NA
ko:K11498,acer,2,1,0.004,0.010846,centromeric protein E,NA,Motor proteins (map04814),NA,NA,NA,NA,NA,NA,NA,NA,NA,NA,NA,NA,NA,NA,NA,NA,NA,NA,NA,NA,NA,NA,NA,NA,NA,NA,NA,NA,NA,NA
ko:K11539,acer,2,1,0,0.010846,carbonyl reductase 4 / 3-oxoacyl-[acyl-carrier protein] reductase beta subunit [EC:1.1.1.-],NA,NA,NA,NA,NA,NA,NA,NA,NA,NA,NA,NA,NA,NA,NA,NA,NA,NA,Fatty acid biosynthesis (map00061),NA,NA,NA,NA,NA,NA,NA,NA,NA,NA,NA,NA,NA
ko:K11585,acer,0,-1,0,0.0320824,chromobox protein 1,NA,NA,NA,NA,NA,NA,NA,NA,NA,NA,NA,NA,NA,NA,NA,NA,NA,NA,NA,NA,NA,NA,NA,NA,NA,NA,NA,NA,NA,NA,NA,NA
ko:K11586,acer,0,-1,0,0.0320824,chromobox protein 3,NA,NA,NA,NA,NA,NA,NA,NA,Polycomb repressive complex (map03083),NA,NA,NA,NA,NA,NA,NA,NA,NA,NA,NA,NA,NA,NA,NA,NA,NA,NA,NA,NA,NA,NA,NA
ko:K11703,acer,2,1,0,0.010846,"collagen beta-1,O-galactosyltransferase [EC:2.4.1.50]",NA,NA,NA,NA,NA,NA,NA,NA,NA,NA,NA,NA,NA,NA,Lysine degradation (map00310),NA,NA,Other types of O-glycan biosynthesis (map00514),NA,NA,NA,NA,NA,NA,NA,NA,NA,NA,NA,NA,NA,NA
ko:K12132,acer,2,1,0,0.010846,eukaryotic-like serine/threonine-protein kinase [EC:2.7.11.1],NA,NA,NA,NA,NA,NA,NA,NA,NA,NA,NA,NA,NA,NA,NA,NA,NA,NA,NA,NA,NA,NA,NA,NA,NA,NA,NA,NA,NA,NA,NA,NA
ko:K12162,acer,0,-1,0,0.0320824,ubiquitin-fold modifier 1,NA,NA,NA,NA,NA,NA,NA,NA,NA,NA,NA,NA,NA,NA,NA,NA,NA,NA,NA,NA,NA,NA,NA,NA,NA,NA,NA,NA,NA,NA,NA,NA
ko:K12378,acer,4,-2,0,0.00361605,tyrosine-protein kinase receptor torso [EC:2.7.10.1],NA,NA,NA,NA,NA,NA,MAPK signaling pathway - fly (map04013),NA,NA,NA,NA,NA,NA,NA,NA,NA,NA,NA,NA,NA,NA,NA,NA,NA,NA,NA,NA,NA,NA,NA,NA,NA
ko:K12433,acer,2,1,0.004,0.010846,polyketide synthase 5,NA,NA,NA,NA,NA,NA,NA,NA,NA,NA,NA,NA,NA,NA,NA,NA,NA,NA,NA,NA,NA,NA,NA,NA,NA,NA,NA,NA,NA,NA,NA,NA
ko:K12750,acer,0,-1,0,0.0320824,myosin light chain 4,NA,Motor proteins (map04814),NA,NA,NA,NA,Apelin signaling pathway (map04371),NA,NA,NA,NA,NA,NA,NA,NA,NA,NA,NA,NA,NA,NA,NA,NA,Adrenergic signaling in cardiomyocytes (map04261); Cardiac muscle contraction (map04260),NA,NA,NA,NA,NA,NA,NA,NA
ko:K12798,acer,0,-2,0,2.73998e-4,"NACHT, LRR and PYD domains-containing protein 1",NA,NA,NA,NA,NA,NA,NA,NA,NA,NA,NA,NA,NA,NA,NA,NA,NA,NA,NA,NA,NA,NA,NA,NA,NA,NA,NA,NA,NA,NOD-like receptor signaling pathway (map04621),NA,NA
ko:K12800,acer,4,2,0,0.00115683,"NACHT, LRR and PYD domains-containing protein 3",Necroptosis (map04217),NA,NA,NA,NA,NA,NA,NA,NA,NA,NA,NA,NA,NA,NA,NA,NA,NA,NA,NA,NA,NA,NA,NA,NA,NA,NA,NA,NA,NOD-like receptor signaling pathway (map04621); Cytosolic DNA-sensing pathway (map04623); C-type lectin receptor signaling pathway (map04625),NA,NA
ko:K12832,acer,0,-1,0,0.0320824,splicing factor 3B subunit 5,NA,NA,NA,NA,NA,NA,NA,NA,NA,NA,NA,NA,Spliceosome (map03040),NA,NA,NA,NA,NA,NA,NA,NA,NA,NA,NA,NA,NA,NA,NA,NA,NA,NA,NA
ko:K12855,acer,2,1,0,0.010846,pre-mRNA-processing factor 6,NA,NA,NA,NA,NA,NA,NA,NA,NA,NA,NA,NA,Spliceosome (map03040),NA,NA,NA,NA,NA,NA,NA,NA,NA,NA,NA,NA,NA,NA,NA,NA,NA,NA,NA
ko:K12876,acer,0,-1,0,0.0320824,RNA-binding protein 8A,NA,NA,NA,NA,NA,NA,NA,NA,NA,NA,NA,NA,Spliceosome (map03040),Nucleocytoplasmic transport (map03013); mRNA surveillance pathway (map03015),NA,NA,NA,NA,NA,NA,NA,NA,NA,NA,NA,NA,NA,NA,NA,NA,NA,NA
ko:K13100,acer,3,2,0,2.35384e-4,pre-mRNA-splicing factor CWC22,NA,NA,NA,NA,NA,NA,NA,NA,NA,NA,NA,NA,NA,NA,NA,NA,NA,NA,NA,NA,NA,NA,NA,NA,NA,NA,NA,NA,NA,NA,NA,NA
ko:K13126,acer,6,-2,0.002,0.00649055,polyadenylate-binding protein,NA,NA,NA,NA,NA,NA,NA,NA,NA,RNA degradation (map03018),NA,NA,NA,mRNA surveillance pathway (map03015),NA,NA,NA,NA,NA,NA,NA,NA,NA,NA,NA,NA,NA,NA,NA,NA,NA,NA
ko:K13152,acer,0,-1,0.015,0.0320824,U11/U12 small nuclear ribonucleoprotein 20 kDa protein,NA,NA,NA,NA,NA,NA,NA,NA,NA,NA,NA,NA,NA,NA,NA,NA,NA,NA,NA,NA,NA,NA,NA,NA,NA,NA,NA,NA,NA,NA,NA,NA
ko:K13241,acer,3,1,0,0.0216927,"nitric-oxide synthase, inducible [EC:1.14.13.39]",NA,NA,NA,NA,Peroxisome (map04146),NA,Calcium signaling pathway (map04020); HIF-1 signaling pathway (map04066); Apelin signaling pathway (map04371),NA,NA,NA,NA,NA,NA,NA,Arginine biosynthesis (map00220); Arginine and proline metabolism (map00330),NA,NA,NA,NA,NA,NA,NA,NA,NA,NA,NA,Relaxin signaling pathway (map04926),NA,NA,NA,NA,NA
ko:K13366,acer,4,1,0.002,0.0325151,polyamine oxidase [EC:1.5.3.14 1.5.3.16 1.5.3.-],NA,NA,NA,NA,NA,NA,NA,NA,NA,NA,NA,NA,NA,NA,Arginine and proline metabolism (map00330),NA,NA,NA,NA,NA,beta-Alanine metabolism (map00410),NA,NA,NA,NA,NA,NA,NA,NA,NA,NA,NA
ko:K13449,acer,28,-3,0.004,0.0133466,pathogenesis-related protein 1,NA,NA,NA,NA,NA,NA,MAPK signaling pathway - plant (map04016); Plant hormone signal transduction (map04075),NA,NA,NA,NA,NA,NA,NA,NA,NA,NA,NA,NA,NA,NA,NA,NA,NA,NA,NA,NA,Plant-pathogen interaction (map04626),NA,NA,NA,NA
ko:K13596,acer,3,1,0.025,0.0216927,activin receptor type-2B [EC:2.7.11.30],NA,NA,Signaling pathways regulating pluripotency of stem cells (map04550),NA,NA,NA,TGF-beta signaling pathway (map04350),Cytokine-cytokine receptor interaction (map04060),NA,NA,NA,NA,NA,NA,NA,NA,NA,NA,NA,NA,NA,NA,NA,NA,NA,NA,NA,NA,NA,NA,NA,NA
ko:K13755,acer,2,1,0.047,0.010846,"calcium/calmodulin-dependent 3',5'-cyclic nucleotide phosphodiesterase [EC:3.1.4.17]",NA,NA,NA,NA,NA,NA,Calcium signaling pathway (map04020),NA,NA,NA,NA,NA,NA,NA,NA,NA,NA,NA,NA,NA,NA,Purine metabolism (map00230),NA,NA,NA,NA,Renin secretion (map04924),NA,NA,NA,NA,Taste transduction (map04742); Olfactory transduction (map04740)
ko:K13915,acer,0,-1,0,0.0320824,lysozyme C [EC:3.2.1.17],NA,NA,NA,NA,NA,NA,NA,NA,NA,NA,NA,NA,NA,NA,NA,NA,NA,NA,NA,NA,NA,NA,NA,NA,NA,Salivary secretion (map04970),NA,NA,NA,NA,NA,NA
ko:K14074,acer,7,2,0,0.0073745,pancreatic lipase-related protein 1 [EC:3.1.1.3],NA,NA,NA,NA,NA,NA,NA,NA,NA,NA,NA,NA,NA,NA,NA,NA,NA,NA,Glycerolipid metabolism (map00561),NA,NA,NA,NA,NA,NA,Pancreatic secretion (map04972); Fat digestion and absorption (map04975),NA,NA,NA,NA,NA,NA
ko:K14297,acer,2,1,0.04,0.010846,nuclear pore complex protein Nup98-Nup96,NA,NA,NA,NA,NA,NA,NA,NA,NA,NA,NA,NA,NA,Nucleocytoplasmic transport (map03013),NA,NA,NA,NA,NA,NA,NA,NA,NA,NA,NA,NA,NA,NA,NA,NA,NA,NA
ko:K14303,acer,0,-1,0,0.0320824,nuclear pore complex protein Nup160,NA,NA,NA,NA,NA,NA,NA,NA,NA,NA,NA,NA,NA,Nucleocytoplasmic transport (map03013),NA,NA,NA,NA,NA,NA,NA,NA,NA,NA,NA,NA,NA,NA,NA,NA,NA,NA
ko:K14447,acer,0,-1,0,0.0320824,ethylmalonyl-CoA mutase [EC:5.4.99.63],NA,NA,NA,NA,NA,NA,NA,NA,NA,NA,NA,NA,NA,NA,NA,Glyoxylate and dicarboxylate metabolism (map00630),NA,NA,NA,NA,NA,NA,NA,NA,NA,NA,NA,NA,NA,NA,NA,NA
ko:K14529,acer,0,-1,0,0.0320824,ribonuclease P protein subunit RPP14 [EC:3.1.26.5],NA,NA,NA,NA,NA,NA,NA,NA,NA,NA,NA,NA,NA,NA,NA,NA,NA,NA,NA,NA,NA,NA,NA,NA,NA,NA,NA,NA,NA,NA,NA,NA
ko:K14764,acer,0,-1,0,0.0320824,protein SHQ1,NA,NA,NA,NA,NA,NA,NA,NA,NA,NA,NA,NA,NA,NA,NA,NA,NA,NA,NA,NA,NA,NA,NA,NA,NA,NA,NA,NA,NA,NA,NA,NA
ko:K14848,acer,1,-2,0,7.79057e-4,ribosome assembly protein RRB1,NA,NA,NA,NA,NA,NA,NA,NA,NA,NA,NA,NA,NA,NA,NA,NA,NA,NA,NA,NA,NA,NA,NA,NA,NA,NA,NA,NA,NA,NA,NA,NA
ko:K15001,acer,3,1,0.018,0.0216927,cytochrome P450 family 4 [EC:1.14.-.-],NA,NA,NA,NA,NA,NA,NA,NA,NA,NA,NA,NA,NA,NA,NA,NA,NA,NA,NA,NA,NA,NA,NA,NA,NA,NA,NA,NA,NA,NA,NA,NA
ko:K15183,acer,0,-1,0.016,0.0320824,RNA polymerase II elongation factor ELL,NA,NA,NA,NA,NA,NA,NA,NA,NA,NA,Viral life cycle - HIV-1 (map03250),NA,NA,NA,NA,NA,NA,NA,NA,NA,NA,NA,NA,NA,NA,NA,NA,NA,NA,NA,NA,NA
ko:K15293,acer,8,-2,0,0.0100482,protein unc-13 A/B/C,NA,NA,NA,NA,NA,NA,NA,NA,NA,NA,NA,NA,NA,NA,NA,NA,NA,NA,NA,NA,NA,NA,NA,NA,NA,NA,NA,NA,NA,NA,Synaptic vesicle cycle (map04721),NA
ko:K15521,acer,39,-16,0,1.25067e-14,D-inositol-3-phosphate glycosyltransferase [EC:2.4.1.250],NA,NA,NA,NA,NA,NA,NA,NA,NA,NA,NA,NA,NA,NA,NA,NA,NA,NA,NA,NA,NA,NA,NA,NA,NA,NA,NA,NA,NA,NA,NA,NA
ko:K15706,acer,4,1,0.002,0.0325151,E3 ubiquitin-protein ligase RNF167 [EC:2.3.2.27],NA,NA,NA,NA,NA,NA,NA,NA,NA,NA,NA,NA,NA,NA,NA,NA,NA,NA,NA,NA,NA,NA,NA,NA,NA,NA,NA,NA,NA,NA,NA,NA
ko:K16536,acer,0,-1,0,0.0320824,protein HOOK3,NA,Motor proteins (map04814),NA,NA,NA,NA,NA,NA,NA,NA,NA,NA,NA,NA,NA,NA,NA,NA,NA,NA,NA,NA,NA,NA,NA,NA,NA,NA,NA,NA,NA,NA
ko:K16613,acer,0,-1,0.001,0.0320824,ornithine decarboxylase antizyme 2,NA,NA,NA,NA,NA,NA,NA,NA,NA,NA,NA,NA,NA,NA,NA,NA,NA,NA,NA,NA,NA,NA,NA,NA,NA,NA,NA,NA,NA,NA,NA,NA
ko:K16639,acer,4,1,0.002,0.0325151,endoribonuclease LACTB2 [EC:3.1.27.-],NA,NA,NA,NA,NA,NA,NA,NA,NA,NA,NA,NA,NA,NA,NA,NA,NA,NA,NA,NA,NA,NA,NA,NA,NA,NA,NA,NA,NA,NA,NA,NA
ko:K16669,acer,29,-4,0,0.00239257,protocadherin Fat 4,NA,NA,NA,NA,NA,NA,Hippo signaling pathway - fly (map04391); Hippo signaling pathway - multiple species (map04392),NA,NA,NA,NA,NA,NA,NA,NA,NA,NA,NA,NA,NA,NA,NA,NA,NA,NA,NA,NA,NA,NA,NA,NA,NA
ko:K17256,acer,5,1,0,0.0432912,insulin-like growth factor-binding protein complex acid labile subunit,NA,NA,NA,NA,NA,NA,NA,NA,NA,NA,NA,NA,NA,NA,NA,NA,NA,NA,NA,NA,NA,NA,NA,NA,NA,NA,"Growth hormone synthesis, secretion and action (map04935)",NA,NA,NA,NA,NA
ko:K17300,acer,3,1,0.038,0.0216927,galectin-3-binding protein,NA,NA,NA,NA,NA,NA,NA,NA,NA,NA,NA,NA,NA,NA,NA,NA,NA,NA,NA,NA,NA,NA,NA,NA,NA,NA,NA,NA,NA,NA,NA,NA
ko:K17477,acer,7,-4,0,3.83375e-5,"FERM, RhoGEF and pleckstrin domain-containing protein 1",NA,NA,NA,NA,NA,NA,NA,NA,NA,NA,NA,NA,NA,NA,NA,NA,NA,NA,NA,NA,NA,NA,NA,NA,NA,NA,NA,NA,NA,NA,NA,NA
ko:K17777,acer,2,1,0.042,0.010846,mitochondrial import inner membrane translocase subunit TIM9,NA,NA,NA,NA,NA,NA,NA,NA,NA,NA,NA,NA,NA,NA,NA,NA,NA,NA,NA,NA,NA,NA,NA,NA,NA,NA,NA,NA,NA,NA,NA,NA
ko:K17801,acer,0,-1,0,0.0320824,mitochondrial protein MBA1,NA,NA,NA,NA,NA,NA,NA,NA,NA,NA,NA,NA,NA,NA,NA,NA,NA,NA,NA,NA,NA,NA,NA,NA,NA,NA,NA,NA,NA,NA,NA,NA
ko:K17865,acer,0,-1,0,0.0320824,3-hydroxybutyryl-CoA dehydratase [EC:4.2.1.55],NA,NA,NA,NA,NA,NA,NA,NA,NA,NA,NA,NA,NA,NA,NA,Butanoate metabolism (map00650); Glyoxylate and dicarboxylate metabolism (map00630),NA,NA,NA,NA,NA,NA,NA,NA,NA,NA,NA,NA,NA,NA,NA,NA
ko:K17926,acer,4,1,0.006,0.0325151,sorting nexin-14,NA,NA,NA,NA,NA,NA,NA,NA,NA,NA,NA,NA,NA,NA,NA,NA,NA,NA,NA,NA,NA,NA,NA,NA,NA,NA,NA,NA,NA,NA,NA,NA
ko:K17927,acer,0,-1,0,0.0320824,sorting nexin-15,NA,NA,NA,NA,NA,NA,NA,NA,NA,NA,NA,NA,NA,NA,NA,NA,NA,NA,NA,NA,NA,NA,NA,NA,NA,NA,NA,NA,NA,NA,NA,NA
ko:K18032,acer,0,-1,0,0.0320824,receptor-type tyrosine-protein phosphatase A [EC:3.1.3.48],NA,NA,NA,NA,NA,NA,NA,NA,NA,NA,NA,NA,NA,NA,NA,NA,NA,NA,NA,NA,NA,NA,NA,NA,NA,NA,NA,NA,NA,NA,NA,NA
ko:K18262,acer,0,-1,0,0.0320824,EGF-containing fibulin-like extracellular matrix protein 1,NA,NA,NA,NA,NA,NA,NA,NA,NA,NA,NA,NA,NA,NA,NA,NA,NA,NA,NA,NA,NA,NA,NA,NA,NA,NA,NA,NA,NA,NA,NA,NA
ko:K19024,acer,0,-1,0.016,0.0320824,AP-5 complex subunit sigma-1,NA,NA,NA,NA,NA,NA,NA,NA,NA,NA,NA,NA,NA,NA,NA,NA,NA,NA,NA,NA,NA,NA,NA,NA,NA,NA,NA,NA,NA,NA,NA,NA
ko:K19026,acer,0,-2,0.003,2.73998e-4,spatacsin,NA,NA,NA,NA,NA,NA,NA,NA,NA,NA,NA,NA,NA,NA,NA,NA,NA,NA,NA,NA,NA,NA,NA,NA,NA,NA,NA,NA,NA,NA,NA,NA
ko:K19198,acer,3,-2,0,0.00246219,inhibitor of growth protein 2,NA,NA,NA,NA,NA,NA,NA,NA,NA,NA,NA,NA,NA,NA,NA,NA,NA,NA,NA,NA,NA,NA,NA,NA,NA,NA,NA,NA,NA,NA,NA,NA
ko:K19511,acer,39,-4,0,0.0055438,peroxidase [EC:1.11.1.7],NA,NA,NA,NA,NA,NA,NA,NA,NA,NA,NA,NA,NA,NA,NA,NA,NA,NA,NA,NA,NA,NA,NA,NA,NA,NA,NA,NA,NA,NA,NA,NA
ko:K19607,acer,3,1,0.01,0.0216927,X-linked retinitis pigmentosa GTPase regulator,NA,NA,NA,NA,NA,NA,NA,NA,NA,NA,NA,NA,NA,NA,NA,NA,NA,NA,NA,NA,NA,NA,NA,NA,NA,NA,NA,NA,NA,NA,NA,NA
ko:K19662,acer,0,-1,0,0.0320824,classical protein kinase C beta type [EC:2.7.11.13],NA,NA,Focal adhesion (map04510); Gap junction (map04540),NA,NA,NA,Calcium signaling pathway (map04020); NF-kappa B signaling pathway (map04064); ErbB signaling pathway (map04012); Ras signaling pathway (map04014); MAPK signaling pathway (map04010); Rap1 signaling pathway (map04015); HIF-1 signaling pathway (map04066); Wnt signaling pathway (map04310); Sphingolipid signaling pathway (map04071); VEGF signaling pathway (map04370); mTOR signaling pathway (map04150); Phosphatidylinositol signaling system (map04070),NA,NA,NA,NA,NA,NA,NA,NA,NA,NA,NA,NA,NA,NA,NA,NA,Vascular smooth muscle contraction (map04270),NA,Pancreatic secretion (map04972); Gastric acid secretion (map04971); Salivary secretion (map04970); Carbohydrate digestion and absorption (map04973),"Parathyroid hormone synthesis, secretion and action (map04928); Thyroid hormone signaling pathway (map04919); Oxytocin signaling pathway (map04921); Thyroid hormone synthesis (map04918); GnRH signaling pathway (map04912); Insulin secretion (map04911); Aldosterone synthesis and secretion (map04925); GnRH secretion (map04929); Growth hormone synthesis, secretion and action (map04935); Melanogenesis (map04916)",Circadian entrainment (map04713),Aldosterone-regulated sodium reabsorption (map04960); Endocrine and other factor-regulated calcium reabsorption (map04961),Natural killer cell mediated cytotoxicity (map04650); B cell receptor signaling pathway (map04662); Neutrophil extracellular trap formation (map04613); Fc gamma R-mediated phagocytosis (map04666); Leukocyte transendothelial migration (map04670); Chemokine signaling pathway (map04062),Serotonergic synapse (map04726); GABAergic synapse (map04727); Retrograde endocannabinoid signaling (map04723); Glutamatergic synapse (map04724); Dopaminergic synapse (map04728); Long-term depression (map04730); Long-term potentiation (map04720); Cholinergic synapse (map04725),Inflammatory mediator regulation of TRP channels (map04750)
ko:K19719,acer,11,2,0,0.021692,collagen type II alpha,NA,NA,Focal adhesion (map04510),NA,NA,NA,PI3K-Akt signaling pathway (map04151),ECM-receptor interaction (map04512),NA,NA,NA,NA,NA,NA,NA,NA,NA,NA,NA,NA,NA,NA,NA,NA,NA,Protein digestion and absorption (map04974),NA,NA,NA,NA,NA,NA
ko:K19951,acer,2,1,0,0.010846,TBC1 domain family member 8/9,NA,NA,NA,NA,NA,NA,NA,NA,NA,NA,NA,NA,NA,NA,NA,NA,NA,NA,NA,NA,NA,NA,NA,NA,NA,NA,NA,NA,NA,NA,NA,NA
ko:K20295,acer,2,1,0.012,0.010846,conserved oligomeric Golgi complex subunit 8,NA,NA,NA,NA,NA,NA,NA,NA,NA,NA,NA,NA,NA,NA,NA,NA,NA,NA,NA,NA,NA,NA,NA,NA,NA,NA,NA,NA,NA,NA,NA,NA
ko:K20603,acer,0,-1,0,0.0320824,mitogen-activated protein kinase kinase 2 [EC:2.7.12.2],NA,NA,NA,NA,NA,NA,MAPK signaling pathway - plant (map04016),NA,NA,NA,NA,NA,NA,NA,NA,NA,NA,NA,NA,NA,NA,NA,NA,NA,NA,NA,NA,NA,NA,NA,NA,NA
ko:K20711,acer,0,-1,0,0.0320824,Rho guanine nucleotide exchange factor 38,NA,NA,NA,NA,NA,NA,NA,NA,NA,NA,NA,NA,NA,NA,NA,NA,NA,NA,NA,NA,NA,NA,NA,NA,NA,NA,NA,NA,NA,NA,NA,NA
ko:K20864,acer,0,-2,0,2.73998e-4,"NACHT, LRR and PYD domains-containing protein 7",NA,NA,NA,NA,NA,NA,NA,NA,NA,NA,NA,NA,NA,NA,NA,NA,NA,NA,NA,NA,NA,NA,NA,NA,NA,NA,NA,NA,NA,NOD-like receptor signaling pathway (map04621),NA,NA
ko:K20865,acer,13,-8,0,7.6913e-9,"NACHT, LRR and PYD domains-containing protein 12",NA,NA,NA,NA,NA,NA,NA,NA,NA,NA,NA,NA,NA,NA,NA,NA,NA,NA,NA,NA,NA,NA,NA,NA,NA,NA,NA,NA,NA,NOD-like receptor signaling pathway (map04621),NA,NA
ko:K21438,acer,5,1,0,0.0432912,ankyrin repeat domain-containing protein 23,NA,NA,NA,NA,NA,NA,NA,NA,NA,NA,NA,NA,NA,NA,NA,NA,NA,NA,NA,NA,NA,NA,NA,NA,NA,NA,NA,NA,NA,NA,NA,NA
ko:K21919,acer,3,1,0.006,0.0216927,BTB/POZ domain-containing protein KCTD9,NA,NA,NA,NA,NA,NA,NA,NA,NA,NA,NA,NA,NA,NA,NA,NA,NA,NA,NA,NA,NA,NA,NA,NA,NA,NA,NA,NA,NA,NA,NA,NA
ko:K22262,acer,6,2,0.009,0.00478694,WD repeat and FYVE domain-containing protein 3,NA,NA,NA,NA,NA,NA,NA,NA,NA,NA,NA,NA,NA,NA,NA,NA,NA,NA,NA,NA,NA,NA,NA,NA,NA,NA,NA,NA,NA,NA,NA,NA
ko:K22371,acer,25,-5,0,1.98867e-4,G2/M phase-specific E3 ubiquitin-protein ligase [EC:2.3.2.26],NA,NA,NA,NA,NA,NA,NA,NA,NA,NA,NA,NA,NA,NA,NA,NA,NA,NA,NA,NA,NA,NA,NA,NA,NA,NA,NA,NA,NA,NA,NA,NA
ko:K22790,acer,0,-1,0,0.0320824,octopamine receptor beta,NA,NA,NA,NA,NA,NA,NA,NA,NA,NA,NA,NA,NA,NA,NA,NA,NA,NA,NA,NA,NA,NA,NA,NA,NA,NA,NA,NA,NA,NA,NA,NA
ko:K22792,acer,0,-1,0,0.0320824,trissin receptor,NA,NA,NA,NA,NA,NA,NA,NA,NA,NA,NA,NA,NA,NA,NA,NA,NA,NA,NA,NA,NA,NA,NA,NA,NA,NA,NA,NA,NA,NA,NA,NA
ko:K22937,acer,2,1,0.023,0.010846,lysosomal-trafficking regulator,NA,NA,NA,NA,NA,NA,NA,NA,NA,NA,NA,NA,NA,NA,NA,NA,NA,NA,NA,NA,NA,NA,NA,NA,NA,NA,NA,NA,NA,NA,NA,NA
ko:K23203,acer,10,4,0,1.48215e-5,THAP domain-containing protein 1/3,NA,NA,NA,NA,NA,NA,NA,NA,NA,NA,NA,NA,NA,NA,NA,NA,NA,NA,NA,NA,NA,NA,NA,NA,NA,NA,NA,NA,NA,NA,NA,NA
ko:K23206,acer,4,1,0.002,0.0325151,THAP domain-containing protein 5/8,NA,NA,NA,NA,NA,NA,NA,NA,NA,NA,NA,NA,NA,NA,NA,NA,NA,NA,NA,NA,NA,NA,NA,NA,NA,NA,NA,NA,NA,NA,NA,NA
ko:K23211,acer,14,7,0,2.24989e-9,THAP domain-containing protein 11,NA,NA,NA,NA,NA,NA,NA,NA,NA,NA,NA,NA,NA,NA,NA,NA,NA,NA,NA,NA,NA,NA,NA,NA,NA,NA,NA,NA,NA,NA,NA,NA
ko:K23222,acer,72,8,0,5.29952e-5,nuclease HARBI1 [EC:3.1.-.-],NA,NA,NA,NA,NA,NA,NA,NA,NA,NA,NA,NA,NA,NA,NA,NA,NA,NA,NA,NA,NA,NA,NA,NA,NA,NA,NA,NA,NA,NA,NA,NA
ko:K23309,acer,0,-1,0,0.0320824,zinc finger HIT domain-containing protein 3,NA,NA,NA,NA,NA,NA,NA,NA,NA,NA,NA,NA,NA,NA,NA,NA,NA,NA,NA,NA,NA,NA,NA,NA,NA,NA,NA,NA,NA,NA,NA,NA
ko:K23531,acer,0,-1,0.005,0.0320824,calcium-binding protein 1/2/4/5,NA,NA,NA,NA,NA,NA,NA,NA,NA,NA,NA,NA,NA,NA,NA,NA,NA,NA,NA,NA,NA,NA,NA,NA,NA,NA,NA,NA,NA,NA,NA,NA
ko:K23589,acer,0,-1,0,0.0320824,pregnancy zone protein,NA,NA,NA,NA,NA,NA,NA,NA,NA,NA,NA,NA,NA,NA,NA,NA,NA,NA,NA,NA,NA,NA,NA,NA,NA,NA,NA,NA,NA,NA,NA,NA
ko:K23958,acer,3,1,0.025,0.0216927,inverted formin-2,NA,NA,NA,NA,NA,NA,NA,NA,NA,NA,NA,NA,NA,NA,NA,NA,NA,NA,NA,NA,NA,NA,NA,NA,NA,NA,NA,NA,NA,NA,NA,NA
ko:K24356,acer,0,-1,0,0.0320824,collagen type XXV alpha,NA,NA,NA,NA,NA,NA,NA,NA,NA,NA,NA,NA,NA,NA,NA,NA,NA,NA,NA,NA,NA,NA,NA,NA,NA,Protein digestion and absorption (map04974),NA,NA,NA,NA,NA,NA
ko:K24361,acer,0,-1,0,0.0320824,procollagen C-endopeptidase enhancer,NA,NA,NA,NA,NA,NA,NA,NA,NA,NA,NA,NA,NA,NA,NA,NA,NA,NA,NA,NA,NA,NA,NA,NA,NA,NA,NA,NA,NA,NA,NA,NA
ko:K24431,acer,30,-3,0,0.01548,oncoprotein-induced transcript 3 protein,NA,NA,NA,NA,NA,NA,NA,NA,NA,NA,NA,NA,NA,NA,NA,NA,NA,NA,NA,NA,NA,NA,NA,NA,NA,NA,NA,NA,NA,NA,NA,NA
ko:K24675,acer,7,3,0,1.31995e-4,zinc finger MYM-type protein 2/3/4,NA,NA,NA,NA,NA,NA,NA,NA,NA,NA,NA,NA,NA,NA,NA,NA,NA,NA,NA,NA,NA,NA,NA,NA,NA,NA,NA,NA,NA,NA,NA,NA
ko:K24764,acer,3,-2,0.001,0.00246219,"WD repeat, SAM and U-box domain-containing protein 1",NA,NA,NA,NA,NA,NA,NA,NA,NA,NA,NA,NA,NA,NA,NA,NA,NA,NA,NA,NA,NA,NA,NA,NA,NA,NA,NA,NA,NA,NA,NA,NA
ko:K25165,acer,5,1,0.003,0.0432912,helicase with zinc finger domain 2 [EC:3.6.4.-],NA,NA,NA,NA,NA,NA,NA,NA,NA,NA,NA,NA,NA,NA,NA,NA,NA,NA,NA,NA,NA,NA,NA,NA,NA,NA,NA,NA,NA,NA,NA,NA
ko:K25204,acer,2,1,0.002,0.010846,exportin-6,NA,NA,NA,NA,NA,NA,NA,NA,NA,NA,NA,NA,NA,Nucleocytoplasmic transport (map03013),NA,NA,NA,NA,NA,NA,NA,NA,NA,NA,NA,NA,NA,NA,NA,NA,NA,NA
ko:K25450,acer,5,1,0,0.0432912,dynein regulatory complex subunit 5,NA,NA,NA,NA,NA,NA,NA,NA,NA,NA,NA,NA,NA,NA,NA,NA,NA,NA,NA,NA,NA,NA,NA,NA,NA,NA,NA,NA,NA,NA,NA,NA
ko:K25484,acer,0,-1,0,0.0320824,glycoprotein hormone beta-5,NA,NA,NA,NA,NA,NA,cAMP signaling pathway (map04024),Neuroactive ligand-receptor interaction (map04080),NA,NA,NA,NA,NA,NA,NA,NA,NA,NA,NA,NA,NA,NA,NA,NA,NA,NA,NA,NA,NA,NA,NA,NA
ko:K25739,acer,3,1,0.022,0.0216927,scavenger receptor cysteine-rich domain-containing group B protein,NA,NA,NA,NA,NA,NA,NA,NA,NA,NA,NA,NA,NA,NA,NA,NA,NA,NA,NA,NA,NA,NA,NA,NA,NA,NA,NA,NA,NA,NA,NA,NA
ko:K25874,acer,0,-1,0,0.0320824,Kirrel/Neph family protein,NA,NA,NA,NA,NA,NA,NA,NA,NA,NA,NA,NA,NA,NA,NA,NA,NA,NA,NA,NA,NA,NA,NA,NA,NA,NA,NA,NA,NA,NA,NA,NA
ko:K26138,acer,0,-1,0,0.0320824,nitrite reductase [NAD(P)H] small subunit [EC:1.7.1.4],NA,NA,NA,NA,NA,NA,NA,NA,NA,NA,NA,NA,NA,NA,NA,NA,Nitrogen metabolism (map00910),NA,NA,NA,NA,NA,NA,NA,NA,NA,NA,NA,NA,NA,NA,NA
ko:K26608,acer,0,-1,0.027,0.0320824,transmembrane protein 120,NA,NA,NA,NA,NA,NA,NA,NA,NA,NA,NA,NA,NA,NA,NA,NA,NA,NA,NA,NA,NA,NA,NA,NA,NA,NA,NA,NA,NA,NA,NA,NA
